name1, surname1, email1
name2, surname2, email2
name3, surname3, email3
name4, surname4, email4
name5, surname5, email5
name6, surname6, email6
name7, surname7, email7
name8, surname8, email8
name9, surname9, email9
name10, surname10, email10
name11, surname11, email11
name12, surname12, email12
name13, surname13, email13
name14, surname14, email14
name15, surname15, email15
name16, surname16, email16
name17, surname17, email17
name18, surname18, email18
name19, surname19, email19
name20, surname20, email20
name21, surname21, email21
name22, surname22, email22
name23, surname23, email23
name24, surname24, email24
name25, surname25, email25
name26, surname26, email26
name27, surname27, email27
name28, surname28, email28
name29, surname29, email29
name30, surname30, email30
name31, surname31, email31
name32, surname32, email32
name33, surname33, email33
name34, surname34, email34
name35, surname35, email35
name36, surname36, email36
name37, surname37, email37
name38, surname38, email38
name39, surname39, email39
name40, surname40, email40
name41, surname41, email41
name42, surname42, email42
name43, surname43, email43
name44, surname44, email44
name45, surname45, email45
name46, surname46, email46
name47, surname47, email47
name48, surname48, email48
name49, surname49, email49
name50, surname50, email50
name51, surname51, email51
name52, surname52, email52
name53, surname53, email53
name54, surname54, email54
name55, surname55, email55
name56, surname56, email56
name57, surname57, email57
name58, surname58, email58
name59, surname59, email59
name60, surname60, email60
name61, surname61, email61
name62, surname62, email62
name63, surname63, email63
name64, surname64, email64
name65, surname65, email65
name66, surname66, email66
name67, surname67, email67
name68, surname68, email68
name69, surname69, email69
name70, surname70, email70
name71, surname71, email71
name72, surname72, email72
name73, surname73, email73
name74, surname74, email74
name75, surname75, email75
name76, surname76, email76
name77, surname77, email77
name78, surname78, email78
name79, surname79, email79
name80, surname80, email80
name81, surname81, email81
name82, surname82, email82
name83, surname83, email83
name84, surname84, email84
name85, surname85, email85
name86, surname86, email86
name87, surname87, email87
name88, surname88, email88
name89, surname89, email89
name90, surname90, email90
name91, surname91, email91
name92, surname92, email92
name93, surname93, email93
name94, surname94, email94
name95, surname95, email95
name96, surname96, email96
name97, surname97, email97
name98, surname98, email98
name99, surname99, email99
name100, surname100, email100
name101, surname101, email101
name102, surname102, email102
name103, surname103, email103
name104, surname104, email104
name105, surname105, email105
name106, surname106, email106
name107, surname107, email107
name108, surname108, email108
name109, surname109, email109
name110, surname110, email110
